respondent_id,Q01,Q02,Q03,Q04,Q05,Q06,Q07,Q08,Q09,Q10,Q11,Q12,Q13,Q14,Q15,Q16
1,3,4,2,2,3,1,1,3,3,2,3,1,2,3,2,2
2,1,4,4,5,1,5,5,4,2,2,3,3,5,2,5,3
3,4,4,4,4,3,3,5,5,3,1,2,5,3,4,3,4
4,4,4,2,2,1,2,2,1,1,1,1,1,1,2,2,1
5,2,4,4,4,5,5,4,3,2,3,2,3,4,5,3,3
6,3,5,4,3,4,4,5,4,4,1,3,3,3,5,4,3
7,5,4,4,4,3,3,4,4,3,3,3,3,4,4,4,4
8,3,3,4,2,3,3,3,3,3,3,2,2,2,2,3,2
9,5,4,5,4,4,3,2,3,1,1,1,2,2,3,4,2
10,2,4,4,3,3,3,3,2,2,1,1,3,3,3,1,4
11,5,5,2,4,5,4,3,4,2,2,1,1,3,4,3,5
12,4,4,3,5,5,5,5,4,4,3,2,3,4,5,3,5
13,3,4,3,4,3,3,3,4,4,4,4,3,4,2,4,3
14,4,4,4,4,4,4,5,2,2,1,3,2,3,1,2,3
15,5,4,5,3,4,4,3,3,3,4,3,4,2,2,5,3
16,5,4,4,4,3,3,2,3,3,3,1,2,4,4,4,2
17,4,4,4,3,3,4,4,2,1,3,4,3,4,3,2,3
18,5,4,5,5,3,3,1,2,3,4,2,3,3,2,4,3
19,4,5,5,3,5,4,4,3,3,3,3,3,3,5,3,3
20,4,3,4,2,3,2,1,2,2,3,1,2,3,2,1,3
21,4,5,5,3,3,2,3,3,3,2,3,3,4,3,3,3
22,4,4,3,4,3,3,3,2,3,1,2,1,2,3,2,3
23,5,5,4,2,3,5,4,4,4,5,3,2,4,3,5,4
24,4,4,3,5,3,1,3,2,3,3,3,3,2,4,2,3
25,4,5,3,4,3,3,4,5,4,2,3,2,5,3,4,3
26,4,5,3,4,3,3,3,2,1,1,2,3,3,2,3,3
27,3,4,5,3,2,2,2,5,3,3,4,2,2,3,2,2
28,4,4,5,3,5,3,4,1,1,1,3,2,2,2,1,4
29,4,3,4,3,5,3,4,3,3,3,2,1,2,4,4,2
30,5,5,5,4,2,4,3,4,4,2,2,3,4,2,5,4
31,4,4,4,4,5,5,4,4,3,3,2,3,5,4,3,2
32,4,5,5,4,4,3,3,3,1,3,2,3,5,4,3,3
33,4,5,5,4,4,5,4,4,3,3,2,3,4,5,5,3
34,5,3,4,3,3,2,1,3,2,2,2,3,3,2,1,2
35,4,4,4,3,4,2,4,4,1,1,2,2,3,3,4,2
36,4,4,3,5,3,4,5,3,3,3,3,3,4,3,5,4
37,4,4,4,4,4,3,3,3,2,4,3,2,3,4,2,3
38,4,4,3,4,3,4,2,3,3,3,3,2,4,2,2,2
39,4,3,3,3,3,2,3,3,1,3,1,1,2,2,2,3
40,4,3,3,3,5,3,3,3,2,2,1,2,3,2,4,2
41,3,4,3,3,4,4,3,3,3,3,3,2,5,4,4,3
42,3,3,3,4,3,4,4,2,4,3,2,2,3,4,2,3
43,4,5,4,4,5,4,4,4,3,3,1,1,4,4,3,2
44,4,3,2,2,4,3,4,2,3,1,1,2,2,2,3,2
45,4,4,4,3,4,5,4,2,2,3,3,3,3,4,4,2
46,3,4,3,4,5,3,4,5,3,2,3,3,3,4,2,4
47,5,5,5,5,4,3,4,5,4,3,4,2,4,5,3,3
48,4,5,4,5,3,3,5,1,3,2,1,3,2,2,3,4
49,4,4,3,3,2,2,1,2,2,2,3,1,3,3,2,3
50,5,5,5,5,2,3,2,4,4,3,2,2,4,5,3,4
51,3,4,4,3,1,2,2,2,1,1,2,3,4,2,1,3
52,3,4,3,4,2,3,2,3,2,3,3,2,4,2,2,3
53,4,4,4,4,4,4,4,4,4,3,4,4,5,3,4,3
54,5,5,4,4,2,3,3,3,2,3,3,3,3,3,2,3
55,5,5,4,5,3,2,3,2,3,3,4,2,2,4,3,4
56,4,3,3,2,4,3,4,3,2,3,2,3,4,2,3,3
57,4,4,4,4,3,2,2,1,2,2,2,3,2,4,2,4
58,4,3,2,3,4,2,3,4,3,4,2,3,3,3,3,2
59,4,4,3,4,2,2,4,3,1,1,2,2,4,4,1,2
60,4,4,3,3,3,4,3,3,3,3,2,3,5,2,3,2
61,4,3,3,3,3,1,2,2,3,3,3,2,3,4,3,2
62,2,3,2,2,3,1,2,3,2,1,2,1,5,2,2,2
63,4,4,2,4,4,3,4,4,3,3,1,1,2,4,4,3
64,2,3,3,2,3,2,2,3,3,3,2,3,3,2,2,4
65,4,4,3,3,1,3,4,2,2,2,1,2,2,3,3,3
66,3,2,2,3,4,3,2,2,2,1,4,3,4,3,3,3
67,5,5,5,3,2,4,5,4,3,4,2,2,4,3,3,4
68,5,4,4,4,3,2,3,3,2,3,1,3,4,4,2,3
69,5,4,5,5,2,3,4,3,2,2,3,3,4,4,2,2
70,4,5,4,4,4,4,4,3,1,3,4,2,3,3,4,3
71,4,3,4,4,3,3,4,3,3,1,1,1,3,4,4,3
72,5,4,4,3,4,3,3,3,2,4,4,2,2,4,5,4
73,4,5,5,4,1,3,3,2,2,4,2,4,3,4,3,3
74,4,5,4,4,2,3,4,4,4,2,3,2,3,4,2,3
75,5,4,4,5,3,3,4,3,4,3,4,3,4,3,4,4
76,5,5,5,4,5,3,5,4,2,3,4,3,3,5,3,4
77,4,5,4,3,3,3,4,2,3,3,3,1,4,3,3,4
78,3,2,2,2,3,1,3,1,1,2,2,3,1,1,2,3
79,5,5,4,4,4,4,3,3,4,1,2,4,5,3,5,4
80,4,5,5,3,3,3,3,5,2,2,2,2,3,2,4,3
81,3,3,4,3,2,2,3,3,2,1,3,1,2,2,3,3
82,4,4,4,5,3,2,2,2,1,2,3,2,3,3,2,2
83,4,5,4,2,3,3,4,3,4,3,1,3,4,3,5,3
84,2,2,3,3,2,2,3,4,1,1,1,1,2,3,3,3
85,2,3,1,2,3,3,4,2,3,2,3,2,2,2,4,2
86,3,4,4,5,3,3,4,3,3,3,3,2,3,4,4,4
87,4,3,5,3,4,3,4,3,2,2,3,2,2,4,3,2
88,4,4,5,3,4,3,3,2,3,2,1,4,3,4,3,2
89,4,3,4,4,4,2,3,2,1,1,2,2,1,3,2,3
90,3,4,1,2,2,2,3,3,2,1,2,5,2,3,1,2
91,4,4,3,5,1,2,3,1,2,3,2,2,3,3,2,3
92,2,3,5,2,4,3,5,5,3,4,4,5,5,4,5,4
93,5,2,4,4,1,4,3,3,4,4,5,4,3,3,3,2
94,3,4,4,3,3,3,5,3,1,1,1,1,3,3,2,3
95,4,5,4,5,3,3,3,3,3,2,2,3,4,4,2,3
96,3,2,4,2,4,4,3,3,2,4,2,2,1,2,4,3
97,4,4,4,3,4,3,3,2,4,2,2,1,2,2,3,2
98,4,3,4,2,2,2,1,1,1,1,1,2,3,1,2,1
99,4,5,5,3,3,3,4,3,4,3,4,4,3,3,3,4
100,2,4,4,1,3,2,4,2,2,4,3,3,3,2,1,4
101,4,4,4,4,4,4,4,4,2,1,2,3,3,2,2,4
102,4,4,4,3,4,3,3,3,2,1,3,2,5,4,3,2
103,5,5,4,5,2,1,3,4,4,3,3,1,3,3,4,4
104,5,3,4,3,2,2,3,5,2,2,3,2,4,4,2,2
105,5,5,4,5,2,2,2,3,3,2,2,1,4,3,2,4
106,3,4,3,4,3,3,3,2,2,1,1,1,2,3,2,2
107,3,4,3,3,4,2,2,3,4,4,4,4,4,3,5,2
108,4,4,3,3,3,4,3,3,4,2,3,4,2,4,2,3
109,3,5,4,3,3,3,4,3,2,4,3,3,4,3,4,3
110,4,5,4,4,2,3,4,2,2,3,3,2,3,4,2,3
111,4,4,3,4,3,3,4,4,2,1,3,3,3,2,3,3
112,5,4,5,5,3,2,5,4,3,3,2,3,3,5,2,4
113,5,5,4,5,3,3,3,4,5,3,3,2,4,3,5,5
114,4,4,5,4,2,3,3,3,3,2,1,1,4,5,4,3
115,4,5,2,2,2,4,4,3,1,2,3,1,3,1,2,3
116,4,4,3,2,4,3,5,4,4,3,3,2,5,3,3,3
117,5,5,5,5,4,4,4,4,3,4,2,2,4,4,4,4
118,5,5,3,5,4,3,5,1,2,3,4,3,4,3,4,5
119,3,4,1,3,2,3,4,1,1,1,1,2,2,2,3,1
120,4,4,3,4,5,3,4,1,3,3,3,2,4,2,3,2
121,3,3,4,2,2,2,3,1,1,2,1,2,2,2,2,2
122,3,4,4,5,2,3,3,1,2,1,2,2,3,4,3,3
123,4,4,5,5,4,4,3,2,4,2,3,3,3,3,5,3
124,5,4,3,5,4,5,5,4,1,3,2,1,4,3,4,3
125,3,2,2,2,3,4,4,5,3,3,3,4,3,2,3,2
126,4,5,5,3,4,5,5,5,4,2,3,2,5,4,3,4
127,3,5,4,4,3,2,3,2,3,2,1,2,4,3,3,2
128,5,5,4,4,3,4,3,3,2,2,2,2,3,4,4,4
129,3,4,4,2,4,4,5,4,3,2,2,1,5,3,3,3
130,3,5,4,5,4,3,4,4,3,2,1,2,4,3,3,2
131,4,5,2,3,3,4,3,2,2,2,2,2,1,3,2,3
132,4,5,3,5,5,4,4,3,3,4,3,3,3,3,4,4
133,3,2,3,2,3,4,2,4,2,1,3,3,2,2,3,3
134,4,5,4,5,4,5,3,5,2,1,3,3,3,5,5,4
135,4,4,2,3,3,2,2,1,2,1,3,2,4,3,2,3
136,2,3,4,2,2,2,2,2,1,1,1,1,1,2,3,2
137,5,3,4,2,3,2,4,3,3,2,3,4,4,4,2,3
138,3,1,3,2,4,2,3,3,4,3,2,3,4,3,2,2
139,3,5,5,4,4,2,4,3,2,1,2,3,3,5,1,4
140,3,3,4,4,3,4,3,3,3,2,2,3,3,1,1,5
141,5,5,5,3,4,5,4,4,5,5,5,5,5,4,4,5
142,4,4,3,3,3,4,5,3,1,3,2,4,3,4,3,3
143,5,5,5,5,5,5,4,3,1,2,3,3,4,3,5,4
144,4,4,4,3,4,4,3,3,3,4,4,4,3,5,3,3
145,3,4,5,4,3,4,3,2,2,2,3,2,3,3,3,3
146,3,4,4,5,3,4,4,4,4,3,3,3,5,3,3,3
147,3,4,4,4,3,3,3,2,2,2,2,3,3,2,3,4
148,3,2,3,4,4,3,4,3,3,2,2,3,2,4,2,3
149,5,5,5,5,3,3,4,3,2,2,2,2,5,3,2,4
150,4,5,5,4,3,3,5,3,4,3,3,1,4,5,4,4
151,4,5,5,3,3,1,1,2,3,1,2,3,3,2,1,3
152,3,4,3,2,3,2,3,2,3,3,3,4,3,3,2,3
153,4,5,4,4,4,4,5,4,5,3,3,3,5,4,3,4
154,4,3,3,3,4,1,2,2,4,2,3,2,3,1,3,2
155,5,4,3,4,1,1,2,3,2,2,2,2,2,2,2,3
156,4,5,5,5,4,4,4,2,2,1,3,2,2,4,2,4
157,5,3,4,5,2,3,4,3,2,2,1,1,4,5,3,3
158,5,4,4,5,3,1,3,1,1,1,1,1,3,3,2,1
159,4,4,4,5,4,4,5,4,1,1,1,2,3,4,2,3
160,5,3,5,3,3,2,3,1,3,2,2,2,2,3,4,4
161,4,4,4,4,2,3,5,4,2,3,2,4,3,3,4,3
162,5,3,3,4,4,3,3,4,4,4,5,2,5,5,3,4
163,2,4,2,3,2,3,3,2,2,2,1,1,5,3,2,2
164,3,5,4,4,3,3,4,3,4,4,4,3,3,2,4,3
165,3,3,3,4,2,4,3,3,2,1,1,1,2,4,2,2
166,3,3,3,2,3,2,4,3,3,2,2,1,2,3,5,3
167,5,4,4,4,4,3,3,5,2,2,3,2,5,3,4,3
168,2,3,3,3,3,1,2,3,1,2,1,2,2,1,1,2
169,3,4,5,2,4,3,3,3,2,2,2,2,3,4,4,3
170,5,5,3,5,3,2,2,1,2,3,3,4,3,2,3,3
171,5,5,5,4,5,4,4,3,2,2,3,2,5,4,5,4
172,4,4,3,4,1,1,3,1,2,1,3,4,2,2,2,2
173,4,5,4,4,2,3,3,2,4,2,3,3,3,3,5,3
174,3,3,4,4,4,4,4,3,2,1,2,3,3,3,4,3
175,2,3,4,2,3,3,3,2,3,3,3,3,3,3,3,2
176,5,5,4,5,3,4,3,3,3,2,2,2,3,3,4,2
177,3,3,2,3,3,3,5,1,1,2,1,1,3,1,2,4
178,3,3,4,3,4,4,4,1,3,4,4,2,4,3,4,2
179,5,5,5,4,4,3,4,4,2,3,3,4,3,4,3,4
180,3,4,1,3,1,2,2,3,2,1,1,1,1,1,2,2
181,4,4,4,3,2,3,4,3,1,1,1,3,4,2,4,4
182,4,5,4,5,4,3,3,4,2,3,2,4,4,5,3,3
183,3,4,4,3,4,3,3,3,3,4,3,2,4,4,4,4
184,5,4,4,4,3,2,4,2,3,2,3,2,5,2,2,1
185,4,5,4,4,3,3,3,5,4,3,4,2,4,4,3,4
186,5,5,4,4,3,3,4,5,3,3,2,3,4,5,5,4
187,3,2,3,1,4,3,4,4,4,3,5,3,3,4,4,3
188,3,4,4,3,3,3,4,3,2,2,4,2,5,3,3,2
189,4,3,4,3,5,5,4,4,3,3,2,2,4,4,3,4
190,3,2,3,4,4,2,5,2,3,3,3,2,2,2,2,2
191,5,5,5,4,1,1,4,3,2,2,2,1,3,4,2,2
192,3,4,4,3,5,4,5,3,2,3,4,5,4,3,4,4
193,3,3,3,3,2,3,2,3,2,2,3,1,2,3,1,2
194,2,2,3,3,4,3,3,3,4,2,5,4,3,3,4,3
195,4,3,4,3,1,3,3,1,3,1,4,2,4,3,2,3
196,3,3,2,3,3,3,3,3,2,2,3,2,3,3,3,2
197,2,5,3,4,3,3,4,2,1,3,2,2,3,3,3,1
198,4,5,4,5,3,3,4,3,5,4,5,3,5,5,5,4
199,4,5,3,3,3,4,3,3,2,2,4,1,4,3,4,4
200,3,3,1,2,1,1,2,1,2,1,1,1,2,2,1,2
201,5,4,4,5,4,3,3,3,3,3,5,3,4,4,5,3
202,4,5,4,4,4,3,5,3,4,3,4,3,3,3,4,5
203,4,3,4,4,3,4,4,3,3,1,2,2,2,3,3,3
204,1,2,2,2,4,4,3,4,3,4,3,3,3,4,4,3
205,2,3,3,3,2,3,3,4,3,2,2,1,4,3,1,4
206,4,5,4,4,3,3,4,2,2,1,2,3,3,3,4,2
207,4,3,5,5,4,3,4,5,2,2,2,3,4,4,4,4
208,4,4,3,3,3,3,4,3,2,2,1,2,3,4,4,2
209,3,3,5,3,4,4,3,2,3,3,3,2,3,5,3,4
210,3,3,2,2,2,3,3,2,1,1,1,1,2,2,4,2
211,4,5,5,4,4,4,5,4,3,2,3,2,3,3,3,3
212,4,5,5,5,3,4,3,3,2,1,2,2,2,4,3,4
213,4,4,5,4,2,1,4,3,2,3,4,3,3,4,2,3
214,5,4,4,5,5,5,5,3,4,3,4,5,5,5,4,4
215,4,4,4,4,2,4,3,2,2,3,2,2,2,4,3,3
216,4,4,4,3,3,3,3,3,2,2,1,2,3,2,3,2
217,3,4,4,4,2,3,3,2,2,3,2,2,3,2,4,3
218,2,4,5,4,3,3,3,4,2,1,2,3,2,3,2,2
219,3,5,5,3,4,3,4,3,2,2,2,1,3,3,2,2
220,5,5,4,4,3,3,4,3,3,3,4,3,3,3,3,4
221,5,5,3,5,2,4,3,4,4,1,2,3,1,3,2,4
222,3,4,4,4,3,5,4,4,3,4,2,5,5,5,4,3
223,4,4,3,3,3,2,3,3,1,1,1,2,3,2,3,3
224,4,5,4,3,3,3,4,4,1,1,1,4,3,4,4,4
225,5,4,3,4,4,3,3,4,3,4,2,3,5,5,5,4
226,4,4,5,5,4,2,3,3,2,3,3,2,3,3,3,3
227,5,5,5,4,5,3,2,4,4,3,5,4,5,4,3,5
228,3,3,5,4,4,3,3,3,4,5,4,3,4,3,2,4
229,4,5,2,4,3,1,3,2,3,3,3,3,4,2,1,3
230,5,5,5,5,4,2,5,3,4,5,4,3,4,3,3,5
231,3,3,5,3,3,4,4,2,5,2,5,4,4,5,4,2
232,3,5,3,4,4,4,3,3,1,2,2,2,4,3,3,4
233,3,3,3,2,2,1,3,2,1,1,1,1,2,2,3,3
234,5,3,3,2,4,5,3,4,3,2,4,3,4,4,4,3
235,4,5,4,3,2,2,1,2,1,1,3,2,4,3,3,1
236,5,5,5,5,4,4,2,2,5,3,4,3,4,4,4,5
237,3,4,3,4,4,4,3,2,2,3,2,3,2,3,2,1
238,2,4,3,3,3,3,5,3,2,4,3,2,4,3,2,3
239,4,5,5,3,3,3,4,2,3,2,3,3,4,2,5,4
240,4,5,3,4,4,4,4,4,2,1,3,1,4,3,3,3
241,4,5,3,4,3,2,3,2,3,1,2,1,2,2,2,1
242,3,5,3,3,2,3,4,1,1,1,1,1,3,3,2,4
243,3,5,3,3,2,3,3,2,3,1,3,3,4,1,3,2
244,4,4,4,4,5,5,4,2,4,3,2,4,5,5,5,4
245,4,3,4,4,3,3,3,3,3,3,2,2,1,2,3,2
246,5,4,5,4,5,5,5,4,4,3,3,3,3,5,5,5
247,3,3,2,1,3,2,4,2,2,2,1,1,3,3,4,1
248,4,5,3,3,2,3,2,3,2,2,3,3,2,3,4,4
249,4,4,4,5,5,4,4,3,3,2,1,1,5,3,4,3
250,5,5,5,4,3,5,3,1,3,1,3,2,4,4,4,4
251,2,5,3,3,4,3,3,4,2,1,2,4,3,2,2,2
252,4,4,4,2,3,4,4,3,1,1,1,1,4,1,3,2
253,2,3,3,2,1,1,2,1,2,1,1,1,3,2,2,2
254,4,4,4,2,4,2,4,2,3,2,3,2,4,3,3,4
255,3,4,3,2,3,2,4,4,3,3,3,2,2,2,4,3
256,3,3,4,3,3,2,2,3,3,1,3,1,3,3,1,3
257,4,5,4,3,3,1,3,3,2,2,3,4,4,3,3,3
258,3,3,4,4,4,3,3,3,4,2,2,2,3,3,4,4
259,4,4,3,3,2,3,4,3,3,2,2,2,3,3,4,2
260,4,5,5,5,4,2,4,3,3,3,3,2,3,2,4,3
261,5,5,4,5,3,4,4,3,1,2,3,3,3,4,3,3
262,3,2,4,2,4,4,3,2,1,2,2,1,2,2,3,3
263,4,3,5,4,3,2,4,2,1,1,2,2,2,2,2,4
264,4,4,4,2,3,3,3,1,4,4,3,3,2,2,2,3
265,3,2,3,2,3,3,3,2,3,2,2,2,4,4,2,3
266,5,4,4,4,3,3,3,2,2,3,3,3,4,2,3,3
267,5,5,4,4,4,3,3,4,2,1,2,2,5,4,3,4
268,4,3,4,3,3,3,4,2,4,2,1,2,3,2,2,3
269,5,4,4,2,3,2,2,2,4,3,4,2,3,3,3,3
270,2,4,4,3,1,1,3,1,3,1,2,3,3,3,2,2
271,4,4,3,4,5,5,5,5,4,1,4,3,3,3,4,3
272,5,5,5,5,5,4,5,4,4,3,2,3,5,5,4,4
273,5,4,4,4,2,3,3,1,1,2,2,3,4,3,2,4
274,3,4,3,3,4,3,3,4,2,3,3,2,3,2,3,4
275,2,2,2,2,3,3,3,3,3,1,2,1,2,2,3,3
276,4,4,4,4,3,4,3,3,2,2,2,1,3,4,4,4
277,5,5,4,4,3,3,5,2,2,1,3,2,3,4,4,3
278,4,4,2,3,3,2,2,3,2,4,2,2,3,2,3,3
279,4,5,4,3,3,1,3,2,1,2,3,3,5,2,1,4
280,2,4,2,3,3,3,3,4,2,2,3,2,2,1,2,4
281,3,3,3,5,3,4,4,3,3,1,3,2,4,4,3,4
282,5,4,4,3,3,4,3,3,3,4,5,4,3,3,5,4
283,4,2,4,3,4,2,4,2,4,2,2,2,4,4,3,4
284,5,5,5,3,3,3,3,3,3,1,3,2,3,3,3,3
285,4,4,3,4,4,4,4,3,1,1,3,3,4,4,4,3
286,3,4,4,4,2,3,5,4,1,1,3,3,5,3,2,1
287,4,3,4,3,5,4,3,4,4,4,4,4,3,4,4,4
288,3,5,5,4,3,2,4,2,2,2,1,1,2,3,1,2
289,4,5,4,4,3,3,3,1,4,2,3,2,5,4,3,2
290,5,5,5,4,3,4,3,3,4,5,3,4,4,5,4,3
291,4,4,5,4,4,2,3,3,4,4,5,3,3,5,4,3
292,3,3,3,4,1,3,3,4,3,3,2,4,2,3,2,4
293,5,4,4,5,3,2,3,4,3,2,1,3,5,3,3,2
294,4,4,4,4,4,5,4,5,4,4,4,4,4,3,4,4
295,5,5,5,4,4,2,2,3,3,2,2,1,4,4,3,4
296,3,2,4,3,3,3,3,2,2,2,2,3,4,4,3,4
297,3,4,3,4,4,3,3,3,4,3,3,3,4,3,3,2
298,4,4,3,4,4,4,3,1,2,4,4,2,2,4,4,4
299,3,4,3,3,4,2,3,3,3,4,4,4,4,3,2,3
300,3,5,3,3,4,4,4,3,4,4,4,3,3,4,5,3
301,3,4,3,4,1,4,5,3,3,2,3,2,3,1,3,3
302,5,3,3,2,4,3,3,2,1,3,2,3,4,4,3,3
303,3,4,3,4,5,5,4,3,3,3,3,3,4,4,5,3
304,5,5,3,3,4,2,3,5,1,2,3,3,4,3,4,2
305,5,3,2,1,2,2,2,3,2,2,2,3,2,4,3,3
306,5,4,5,3,4,3,3,2,2,1,2,3,5,3,3,2
307,2,4,2,4,3,2,2,2,2,1,3,3,3,1,2,3
308,3,4,4,3,4,1,1,2,3,2,2,3,3,3,2,4
309,4,3,3,2,2,2,2,2,3,2,3,1,4,3,1,3
310,5,5,4,4,2,3,3,2,3,3,3,3,3,3,3,2
311,3,3,2,3,1,3,3,2,2,2,2,2,2,3,2,3
312,5,5,4,4,2,3,3,3,2,4,3,4,4,2,3,5
313,3,4,3,3,4,4,5,3,3,3,3,3,4,4,2,4
314,3,4,3,3,4,4,3,3,1,1,2,2,3,2,4,3
315,4,2,3,3,4,2,3,4,2,1,3,1,3,1,2,3
316,4,4,4,3,3,3,4,1,2,2,3,2,3,4,3,4
317,4,5,4,4,4,3,3,3,4,2,3,2,4,4,4,5
318,4,3,5,3,4,2,3,2,1,1,2,1,3,4,3,3
319,5,4,4,2,4,4,3,3,3,3,2,1,3,3,4,3
320,2,3,2,1,3,3,3,3,2,1,1,1,2,2,1,1
321,3,3,4,4,3,4,5,3,3,3,4,4,3,3,3,3
322,3,3,3,3,2,3,3,3,3,1,3,3,2,3,3,3
323,5,5,4,5,3,4,3,2,2,2,2,2,4,3,3,2
324,3,4,3,2,4,4,5,2,3,2,3,3,4,4,4,2
325,5,5,5,5,5,3,5,4,4,2,2,4,5,5,3,4
326,3,3,4,3,3,1,3,1,2,2,3,3,4,3,3,4
327,4,5,5,4,5,5,4,4,3,2,2,1,4,4,4,4
328,5,4,5,5,3,1,4,1,1,1,3,2,3,2,2,2
329,3,3,3,2,3,3,4,4,3,3,3,3,4,2,4,1
330,5,5,5,5,5,4,5,4,3,3,2,2,5,3,3,5
331,3,3,5,2,3,4,4,4,1,2,2,2,4,3,3,3
332,4,4,3,3,3,3,4,3,3,2,2,1,4,4,5,4
333,3,5,5,4,2,1,3,3,2,2,1,2,3,4,3,3
334,4,4,3,4,3,4,5,3,3,2,2,1,4,3,3,2
335,4,5,5,5,4,3,5,2,3,3,3,3,3,2,2,5
336,4,3,4,4,5,3,2,2,3,2,4,3,4,4,3,1
337,3,4,4,3,3,3,4,2,2,2,3,2,2,3,2,3
338,2,5,3,4,1,3,2,2,1,1,1,2,4,1,3,2
339,2,5,3,4,3,3,2,3,1,1,2,1,2,3,2,3
340,5,2,2,4,2,4,4,5,3,3,5,3,3,2,3,3
341,4,4,5,4,2,3,4,4,3,1,1,1,5,3,2,4
342,3,3,3,3,2,2,2,1,1,2,1,1,3,3,1,2
343,5,5,5,5,5,4,5,2,3,2,2,3,5,5,3,5
344,4,4,3,3,3,2,3,1,1,1,1,1,1,1,1,2
345,4,4,5,3,4,3,4,4,2,2,3,3,3,4,4,4
346,4,1,3,3,3,4,4,2,2,2,2,3,3,3,3,3
347,4,5,4,3,4,4,4,5,2,3,1,2,3,3,3,3
348,4,4,3,4,3,3,5,4,3,3,2,1,4,4,2,4
349,4,4,5,5,3,4,5,4,3,3,1,1,3,2,3,4
350,4,4,5,4,4,4,4,3,2,2,2,3,3,2,4,4
351,4,4,3,3,2,4,3,4,4,1,2,3,4,4,4,2
352,3,5,3,2,4,3,4,2,2,2,2,3,1,4,3,2
353,3,5,5,4,4,3,3,3,3,2,1,3,3,4,4,5
354,5,5,2,2,2,3,3,3,2,2,4,2,2,4,3,1
355,2,2,1,2,2,1,3,1,1,1,1,1,2,1,1,1
356,5,5,4,3,3,3,4,3,3,1,2,2,4,4,2,3
357,5,3,3,4,2,2,2,1,1,1,1,1,2,3,1,2
358,4,3,3,3,2,4,3,4,3,4,3,3,3,3,3,3
359,3,5,4,4,4,2,4,3,1,1,1,2,3,2,3,3
360,5,5,5,4,3,1,2,1,2,1,2,3,2,2,2,4
361,5,5,5,5,3,3,4,2,4,3,2,3,4,3,3,4
362,5,5,5,5,3,3,4,4,2,1,1,4,4,3,3,4
363,3,3,3,5,3,3,2,3,4,3,2,3,2,4,3,3
364,5,5,5,5,3,4,3,3,4,3,4,3,5,4,4,5
365,2,4,3,2,3,2,2,3,3,4,2,2,3,1,2,4
366,2,4,1,3,3,1,3,2,4,3,2,2,2,4,3,1
367,4,3,4,3,4,4,3,3,3,4,4,3,2,3,5,4
368,5,5,4,4,2,4,4,3,3,1,3,2,5,4,3,4
369,4,5,5,5,3,2,4,4,3,3,3,2,5,5,3,3
370,5,5,5,5,3,2,3,2,3,3,3,3,5,4,3,4
371,2,3,2,3,3,3,3,3,2,1,2,2,3,3,2,2
372,4,5,3,3,2,4,4,3,3,2,4,2,3,5,3,4
373,3,4,4,4,2,1,3,2,1,1,3,4,4,3,2,2
374,4,4,5,4,3,3,3,4,2,1,3,3,1,4,4,3
375,2,3,2,3,2,2,3,2,3,1,2,1,3,3,2,2
376,5,4,5,4,3,5,5,4,1,1,3,3,5,3,3,5
377,4,4,5,3,4,3,3,2,3,1,3,2,3,1,3,4
378,2,4,2,3,3,2,1,3,4,3,1,3,1,2,2,2
379,5,4,5,5,4,1,3,2,3,3,2,2,3,3,3,4
380,4,5,3,4,3,3,3,4,3,2,2,3,3,5,4,3
381,4,5,5,4,1,2,2,2,2,4,3,2,2,4,2,3
382,3,3,2,4,1,3,2,3,3,3,3,4,3,3,3,3
383,5,4,4,4,2,3,4,4,3,2,2,1,3,3,2,2
384,5,3,3,3,3,2,2,3,1,1,1,3,2,3,2,2
385,4,5,5,3,3,4,3,3,3,3,3,2,5,4,3,4
386,2,2,4,2,2,2,2,2,1,2,2,1,3,5,1,4
387,4,4,2,4,4,3,4,2,3,4,2,3,5,3,4,4
388,1,1,1,1,3,3,3,4,2,2,3,2,4,3,2,1
389,4,4,5,3,3,3,4,3,3,4,3,3,3,4,5,4
390,5,5,2,4,2,2,3,3,4,3,2,1,3,3,2,3
391,5,3,4,3,3,3,4,2,2,3,2,3,2,3,4,2
392,4,5,3,4,2,3,3,4,3,3,2,3,3,2,4,2
393,5,5,5,5,2,1,3,2,1,1,1,1,3,4,2,3
394,4,4,2,4,2,2,2,2,4,3,3,2,1,3,2,4
395,5,5,4,5,3,3,2,1,3,3,3,2,4,4,2,2
396,4,4,4,5,5,3,4,3,1,2,3,2,2,3,4,3
397,2,3,3,3,4,5,4,4,2,2,2,2,3,3,2,4
398,3,3,3,2,4,3,3,2,2,2,3,2,3,3,2,2
399,4,5,4,3,3,4,3,3,1,4,3,2,4,2,3,3
400,4,5,3,3,4,3,3,5,2,4,2,2,4,3,3,4
401,5,2,3,2,1,1,2,2,2,1,2,2,1,2,1,1
402,4,4,3,3,3,3,5,4,2,3,2,4,3,4,3,4
403,4,2,3,3,5,2,3,3,2,3,1,2,3,1,3,4
404,2,4,2,2,4,3,3,3,1,2,2,3,2,2,1,2
405,4,5,3,3,3,4,3,3,2,2,4,2,4,3,4,2
406,4,5,4,4,5,5,5,5,3,2,2,2,4,2,4,4
407,5,4,2,3,3,1,3,2,1,1,2,2,2,2,1,3
408,5,5,5,4,4,5,5,3,5,3,3,3,5,4,5,5
409,3,2,4,3,3,3,3,3,2,1,2,1,3,4,2,3
410,3,2,1,2,2,2,1,3,1,1,2,1,2,3,1,1
411,3,3,4,3,1,3,2,3,3,2,4,4,2,3,3,3
412,3,2,4,3,3,1,4,2,3,1,4,1,2,2,2,4
413,2,3,3,2,4,4,3,3,3,2,3,3,4,2,4,3
414,4,4,5,4,4,4,4,3,4,2,3,4,3,5,4,4
415,5,4,3,4,3,3,2,1,4,2,3,4,5,4,4,4
416,5,5,4,5,3,2,3,3,4,3,4,4,4,4,4,4
417,4,5,4,3,4,3,5,3,3,1,2,2,5,4,4,4
418,5,5,5,4,3,2,3,3,2,4,4,3,4,4,3,4
419,4,5,2,3,3,1,1,3,3,2,3,2,2,2,2,4
420,4,5,4,4,4,3,3,1,4,3,3,3,4,4,3,3
421,4,3,3,3,4,4,4,3,3,3,3,2,5,3,3,2
422,3,3,3,4,3,2,2,4,3,4,4,3,4,3,1,3
423,5,4,3,5,3,4,4,3,1,1,1,1,2,2,2,4
424,4,5,5,4,4,2,3,4,1,1,2,2,4,3,3,2
425,5,4,3,3,3,1,3,2,3,2,4,3,5,4,1,3
426,4,4,3,5,3,3,2,3,4,3,4,2,3,4,2,4
427,4,4,4,4,4,4,5,3,4,2,3,2,4,4,5,4
428,4,5,5,3,4,4,4,3,2,2,2,2,5,3,2,3
429,2,2,3,2,4,2,2,3,1,2,3,3,2,1,1,2
430,4,5,4,5,5,4,3,3,3,3,2,2,4,4,4,3
431,4,5,5,4,5,4,4,4,3,2,2,2,3,4,3,3
432,3,3,5,4,2,3,2,4,4,4,4,2,3,4,3,2
433,3,3,3,2,5,4,5,2,1,1,2,3,3,3,3,3
434,4,4,4,4,5,5,5,4,5,5,3,3,3,4,5,4
435,3,4,4,4,3,3,3,1,3,2,2,3,4,2,3,3
436,5,4,3,3,5,5,4,4,3,4,3,3,3,2,4,3
437,5,5,5,5,4,3,4,4,5,4,2,3,5,5,4,4
438,3,4,4,4,3,2,4,4,3,1,1,2,3,4,4,3
439,2,3,4,3,2,1,3,3,2,2,2,2,4,1,1,3
440,2,4,3,3,4,3,3,3,2,2,3,3,4,2,3,4
441,5,5,4,5,2,1,2,2,4,2,3,3,4,2,2,2
442,3,3,4,4,3,3,4,2,3,3,3,4,3,4,2,2
443,2,4,2,2,3,3,3,3,1,3,2,1,4,2,2,2
444,3,4,4,3,4,5,3,4,2,3,3,3,4,4,5,2
445,4,5,4,4,3,3,4,3,2,2,2,2,5,4,3,5
446,4,5,5,4,4,5,3,4,3,3,3,4,5,5,4,5
447,4,4,3,5,3,2,3,2,1,2,1,3,4,2,2,3
448,5,4,4,4,4,4,5,1,2,4,2,4,4,5,3,4
449,2,3,1,2,2,1,1,2,4,3,2,2,4,2,1,1
450,4,4,4,3,2,2,2,2,1,4,3,2,2,3,1,2
451,2,4,3,3,2,2,3,1,1,2,2,1,2,2,1,2
452,3,3,3,3,3,2,3,3,3,1,3,1,3,4,4,3
453,5,5,5,4,4,3,3,4,3,4,3,4,5,5,3,5
454,4,4,2,4,3,1,3,2,3,2,2,3,2,3,2,2
455,5,2,4,3,4,2,3,3,2,1,1,3,3,3,1,4
456,4,5,5,4,3,2,2,2,3,2,2,2,5,5,4,4
457,5,5,5,5,4,3,3,3,3,3,2,4,4,5,4,4
458,4,5,3,4,4,5,4,4,3,2,2,3,3,4,3,3
459,4,3,3,3,4,3,3,3,1,2,1,2,4,3,2,3
460,5,5,5,5,3,2,3,1,2,2,2,2,4,4,2,4
461,5,5,5,4,3,2,3,1,2,2,2,3,4,4,3,4
462,3,5,3,2,3,2,3,2,3,1,1,2,1,1,2,2
463,4,5,4,5,3,4,4,4,5,3,3,2,4,5,5,4
464,4,3,2,3,2,2,3,1,3,2,2,3,3,2,1,1
465,2,3,4,2,4,3,3,4,3,3,2,4,3,3,4,2
466,4,3,4,2,2,1,2,2,3,1,2,2,1,3,2,3
467,3,4,4,4,3,3,4,3,2,3,3,1,3,4,4,2
468,5,5,4,4,4,3,5,3,4,4,3,1,4,4,3,4
469,2,3,3,4,4,3,4,3,2,2,1,1,4,3,2,3
470,4,3,3,4,4,1,3,3,2,1,1,1,2,2,2,2
471,4,2,4,3,4,3,4,1,3,2,2,1,3,3,2,3
472,3,4,3,4,3,3,3,2,2,2,2,2,3,3,2,2
473,4,4,4,3,2,3,4,3,3,3,3,3,5,2,3,5
474,5,5,4,5,3,3,4,2,3,3,3,4,5,5,3,5
475,4,4,3,3,2,2,4,1,1,1,3,1,2,4,4,3
476,4,5,5,5,5,3,5,3,3,4,4,2,4,3,3,3
477,4,4,5,4,4,3,3,3,3,2,2,4,3,2,2,3
478,3,3,4,4,2,2,2,3,2,1,2,2,3,1,2,3
479,4,5,5,5,3,3,4,3,3,1,3,3,5,5,2,3
480,4,5,3,3,3,2,4,2,3,3,3,3,2,3,4,3
481,4,5,5,5,3,3,3,3,4,3,3,2,3,3,2,4
482,5,4,4,4,3,2,4,2,3,3,2,3,5,3,4,3
483,5,5,3,5,5,2,4,4,3,2,3,1,3,3,2,2
484,3,3,2,4,3,5,3,3,3,3,2,2,4,2,2,3
485,5,5,3,5,3,4,3,4,3,2,2,4,4,5,2,4
486,5,3,3,4,2,1,3,2,3,1,1,2,3,2,2,3
487,4,4,4,4,3,3,5,4,3,4,3,4,3,2,4,3
488,2,3,3,2,5,3,4,3,3,2,2,5,2,2,1,2
489,3,4,3,3,2,4,2,3,2,2,3,3,2,2,2,4
490,4,4,4,5,4,3,5,4,3,2,3,3,5,3,4,3
491,5,5,4,4,4,4,3,4,2,2,2,3,5,5,4,5
492,3,3,3,2,3,3,4,3,4,1,2,2,3,2,3,3
493,2,3,3,3,3,3,4,4,2,3,1,2,1,3,3,2
494,4,4,5,4,4,3,5,2,2,1,2,1,3,4,4,4
495,4,3,3,4,5,4,4,3,3,3,3,4,4,3,1,5
496,4,5,4,4,1,1,2,3,3,3,2,3,3,3,4,2
497,5,5,4,4,3,2,5,2,2,2,3,2,4,4,3,3
498,3,3,2,2,3,2,1,2,1,1,1,1,1,1,1,1
499,4,4,5,5,5,3,4,5,4,3,3,5,5,4,4,3
500,2,5,4,4,2,1,4,2,3,2,4,3,3,3,2,3
501,3,3,3,3,5,5,5,2,1,2,1,2,3,2,2,2
502,5,4,3,5,5,4,3,3,3,2,4,2,3,3,3,3
503,3,3,4,5,4,5,4,5,2,1,2,2,4,3,3,3
504,3,5,2,4,2,2,4,2,1,2,1,3,4,3,2,2
505,5,5,3,5,5,3,4,2,3,3,2,2,4,4,4,3
506,4,5,5,5,2,2,3,1,3,2,3,3,3,2,3,3
507,3,4,4,3,3,3,3,3,2,2,2,2,1,3,2,3
508,3,2,3,3,4,4,5,5,4,5,3,3,3,2,3,4
509,3,4,5,3,2,2,3,3,4,4,4,3,2,3,3,5
510,5,3,3,3,3,5,3,3,4,3,3,5,3,2,2,3
511,3,4,4,3,1,3,1,2,4,3,1,3,3,3,3,3
512,3,2,3,3,3,2,3,3,1,1,1,1,3,2,2,2
513,4,5,5,5,3,3,4,3,1,3,4,2,5,5,4,3
514,4,3,3,3,4,3,5,3,3,2,3,3,3,3,2,3
515,3,4,3,3,4,3,3,4,2,1,2,1,3,5,3,4
516,4,4,5,4,2,2,4,2,3,4,2,1,2,2,1,2
517,2,4,4,2,3,3,3,4,3,3,2,3,4,3,3,4
518,4,5,4,5,4,4,4,3,4,2,4,4,4,4,4,4
519,5,4,3,4,4,3,3,1,1,1,1,1,4,3,2,3
520,5,5,4,5,2,2,5,3,2,1,2,3,5,4,2,2
521,3,5,5,4,5,2,3,3,3,4,3,4,3,5,3,4
522,4,4,3,4,2,3,2,2,2,2,2,3,3,2,2,2
523,5,5,3,3,3,2,3,1,3,3,2,3,4,4,3,2
524,5,5,3,4,4,5,4,3,3,2,2,2,4,3,2,4
525,5,4,4,3,3,2,5,3,3,3,2,1,4,4,2,2
526,5,3,5,3,2,3,3,1,2,2,2,2,2,3,4,2
527,5,4,3,5,3,3,3,2,2,1,3,1,3,4,2,3
528,5,4,5,5,3,4,3,2,3,2,2,3,4,3,2,2
529,3,5,5,5,2,3,2,3,1,2,2,1,3,2,3,2
530,5,4,5,4,5,5,4,3,4,3,2,2,5,4,4,5
531,4,5,3,4,5,3,4,3,4,3,3,3,5,3,4,5
532,2,3,2,3,1,1,1,2,2,1,2,2,1,1,1,1
533,3,4,5,2,3,3,2,2,2,1,1,1,3,2,2,2
534,4,5,3,3,1,1,3,2,4,4,3,2,3,2,2,1
535,4,4,5,5,4,2,4,2,2,3,4,3,3,5,2,2
536,5,4,5,3,2,3,3,4,4,4,3,5,4,3,3,3
537,5,4,4,3,3,2,2,3,1,1,3,1,4,2,3,2
538,5,4,4,3,4,4,5,4,3,4,3,2,3,5,1,4
539,3,5,4,5,3,3,2,4,3,2,3,3,5,4,2,4
540,4,3,3,2,2,3,3,4,4,5,5,3,4,5,5,4
541,4,4,3,5,2,1,4,4,1,1,2,3,3,5,4,4
542,5,4,3,3,2,3,3,2,2,3,1,2,3,3,3,2
543,5,5,4,4,5,4,4,3,3,3,3,3,5,4,2,3
544,2,3,2,3,3,3,2,2,1,2,3,2,2,3,2,2
545,5,4,4,4,3,2,2,2,4,4,2,2,3,2,3,2
546,4,3,1,2,5,5,3,3,2,3,4,2,3,3,2,3
547,3,5,4,4,4,2,3,3,1,1,1,1,3,3,3,2
548,5,5,5,4,4,3,5,4,3,2,2,1,4,4,4,3
549,4,5,4,4,2,3,3,3,2,2,2,5,2,4,2,3
550,3,3,3,3,2,2,3,1,1,1,2,2,2,2,3,2
551,2,4,3,3,4,4,3,4,3,3,4,1,2,2,2,2
552,4,5,5,4,3,3,4,1,3,2,3,2,2,1,3,3
553,3,4,3,3,3,3,3,3,4,3,4,2,3,3,3,2
554,5,5,3,5,2,4,3,2,4,4,4,4,5,5,4,3
555,3,4,3,3,4,4,3,4,1,1,2,2,2,3,2,4
556,3,4,3,3,3,4,4,2,3,1,3,2,4,2,4,3
557,4,4,3,3,2,2,2,4,2,2,1,2,3,2,1,4
558,5,4,5,3,4,3,4,4,2,3,3,2,3,4,2,1
559,5,5,4,5,5,3,5,3,3,4,1,4,5,4,3,4
560,4,5,4,4,4,4,5,3,2,2,4,3,4,4,3,5
561,4,4,3,4,2,3,5,4,3,2,4,3,2,3,2,4
562,3,4,2,3,1,1,3,2,4,2,3,2,1,3,3,3
563,3,5,4,4,5,4,3,4,2,2,1,4,2,3,4,4
564,2,3,3,3,2,2,3,4,1,1,2,1,3,1,2,1
565,3,3,3,2,2,3,2,2,2,2,2,3,2,1,3,2
566,4,4,5,3,3,3,4,3,4,3,4,4,2,3,5,3
567,5,5,4,5,3,4,3,5,2,1,1,4,2,3,4,4
568,4,3,4,4,5,5,4,4,2,3,3,3,5,4,4,4
569,3,5,3,3,3,3,3,2,2,2,2,3,4,3,2,4
570,5,4,4,3,3,5,4,4,2,5,3,4,5,4,5,4
571,3,4,4,4,3,2,2,3,4,3,4,1,4,3,2,3
572,3,5,4,5,2,4,3,2,3,2,2,2,3,3,2,4
573,2,3,5,3,4,5,2,3,4,3,3,4,4,2,3,3
574,3,5,2,4,4,3,4,3,2,1,2,1,3,4,2,5
575,4,5,4,3,3,2,4,2,4,3,4,2,4,2,2,4
576,4,5,5,4,5,2,3,3,4,4,3,3,3,3,4,3
577,4,4,4,4,3,1,2,1,3,2,1,2,3,4,1,3
578,4,2,4,3,3,2,3,4,3,2,3,4,2,3,1,3
579,4,3,5,5,3,4,3,4,3,3,2,3,3,4,3,5
580,2,4,4,3,4,3,3,3,1,2,3,1,3,4,3,4
581,5,5,5,4,3,3,2,1,2,3,3,2,3,3,2,4
582,5,4,3,2,2,3,4,4,2,2,1,2,3,4,2,2
583,3,3,3,2,3,3,3,1,2,4,2,3,3,1,1,3
584,4,4,3,4,3,2,3,3,2,2,3,3,2,3,3,4
585,5,5,4,4,3,2,2,4,4,2,3,2,3,2,2,2
586,4,5,5,5,3,4,5,3,3,4,3,4,3,3,3,5
587,5,3,3,4,4,4,5,2,2,1,3,2,3,2,3,4
588,4,5,5,3,4,4,4,4,3,4,5,4,3,3,3,5
589,3,4,3,2,3,2,4,2,1,1,1,2,2,3,1,1
590,5,5,5,4,2,1,3,1,1,1,1,2,4,4,2,4
591,3,4,2,3,5,4,3,3,3,2,1,1,3,3,4,3
592,5,5,4,3,4,4,4,2,4,2,2,2,5,2,3,4
593,3,3,3,3,5,5,5,3,3,2,2,2,3,3,4,3
594,3,4,4,4,4,3,2,3,2,1,1,2,4,3,1,3
595,4,2,3,1,4,2,3,2,5,4,4,2,5,4,3,3
596,4,5,5,4,3,3,5,4,2,2,3,3,3,5,2,4
597,4,5,4,4,2,2,2,1,3,2,2,3,2,2,1,2
598,5,4,4,4,4,3,3,2,3,4,2,2,4,4,4,3
599,4,5,2,4,2,3,4,3,2,2,2,1,4,3,2,4
600,5,5,5,5,3,3,2,2,3,2,2,2,4,2,3,4
601,4,4,4,5,5,5,5,3,2,2,2,3,3,4,3,3
602,4,5,5,4,3,2,4,3,2,4,4,4,3,4,4,4
603,4,5,3,5,3,4,3,2,4,3,2,2,5,4,3,3
604,3,4,5,3,4,4,5,4,2,1,2,2,3,2,5,2
605,3,3,3,4,3,3,4,3,2,3,3,2,3,3,3,3
606,4,4,4,3,5,5,4,3,2,1,1,2,4,4,4,4
607,4,5,5,3,3,3,3,3,1,1,3,1,4,3,4,3
608,5,3,2,4,5,4,5,3,2,1,2,1,4,3,4,3
609,5,5,4,4,4,4,4,3,3,3,2,4,4,3,5,4
610,5,3,1,4,2,2,3,2,1,1,2,1,4,1,2,2
611,3,2,2,4,3,3,4,4,1,2,1,1,4,3,4,3
612,5,4,5,4,3,4,5,2,3,3,3,4,4,5,4,3
613,3,2,4,4,4,3,2,1,2,1,2,3,1,3,1,3
614,4,5,5,5,3,4,5,3,2,2,3,3,5,4,4,5
615,5,5,5,5,4,3,3,4,5,4,4,4,5,4,5,3
616,3,5,4,3,3,2,3,3,3,2,2,2,2,5,3,4
617,5,5,4,3,2,4,3,3,2,2,3,3,3,4,4,3
618,4,5,5,4,3,2,3,4,2,2,1,1,4,3,4,4
619,5,5,3,4,4,4,4,4,2,2,2,2,5,5,4,3
620,5,3,3,4,5,5,5,5,4,5,4,3,5,5,5,3
621,5,5,4,4,1,2,5,1,1,2,1,2,3,2,2,4
622,4,3,3,3,4,1,2,2,3,2,3,2,4,2,2,1
623,5,5,4,5,5,4,5,4,2,2,3,3,5,4,4,3
624,5,5,3,4,2,2,4,4,2,3,1,1,4,2,5,2
625,4,4,3,3,2,2,3,3,1,2,2,2,2,4,2,3
626,5,5,5,4,3,3,2,3,4,4,4,3,4,4,4,3
627,3,3,2,3,3,3,3,3,3,2,1,3,1,2,2,3
628,3,3,2,2,3,1,5,2,3,2,3,1,2,3,2,1
629,3,5,3,5,3,1,3,1,2,1,3,2,3,3,2,3
630,3,4,2,3,4,4,4,4,5,4,4,3,5,3,2,5
631,3,4,4,3,4,4,3,2,5,4,4,4,3,4,4,4
632,4,5,4,3,3,3,3,2,1,2,2,1,3,2,2,4
633,4,4,3,4,2,2,4,2,5,4,4,2,4,3,3,2
634,5,4,4,3,4,4,3,4,2,5,4,3,3,3,4,4
635,3,4,4,3,4,3,2,3,2,4,4,2,3,3,5,5
636,4,4,2,4,2,4,3,2,4,3,3,3,3,3,3,3
637,3,4,4,3,3,3,3,2,3,1,3,3,3,3,2,2
638,3,4,4,4,4,4,3,3,1,2,3,4,5,3,2,5
639,3,4,3,2,4,4,4,1,3,2,3,2,2,3,3,3
640,5,5,4,3,3,3,4,3,1,3,2,3,5,3,3,4
641,5,5,5,4,3,4,5,3,2,1,2,2,4,4,4,4
642,4,4,4,3,4,5,4,3,3,4,4,4,4,5,4,5
643,3,4,4,4,5,3,2,4,2,3,3,1,4,4,4,5
644,5,5,5,2,3,4,5,4,2,3,3,2,2,2,3,3
645,4,3,3,4,2,4,5,3,1,2,2,1,4,2,4,3
646,5,3,4,3,2,3,2,1,2,2,2,1,3,1,3,4
647,5,4,4,3,4,4,5,4,3,3,3,2,4,4,4,3
648,4,5,4,3,3,2,2,4,3,1,1,3,2,4,2,3
649,4,5,4,4,3,2,4,1,2,1,3,4,3,3,5,4
650,5,5,5,4,3,4,5,2,3,3,2,2,4,4,3,3
651,5,5,5,5,5,5,5,3,2,3,4,3,4,5,4,3
652,4,5,4,5,4,3,5,4,3,3,2,2,3,5,3,4
653,2,2,3,2,3,1,2,2,2,1,2,2,2,1,2,2
654,4,4,4,2,5,3,3,3,2,2,3,3,3,1,1,3
655,4,3,4,4,4,3,3,4,3,1,2,1,4,2,1,1
656,4,4,4,5,4,4,4,4,4,2,4,2,4,3,5,4
657,5,5,4,4,4,4,5,2,4,3,3,3,5,3,5,5
658,2,2,1,3,2,3,2,2,3,1,2,1,3,3,1,2
659,4,5,4,5,3,2,4,2,3,3,4,2,3,3,4,3
660,3,3,3,4,3,3,4,2,1,2,1,2,2,3,3,4
661,5,3,3,2,3,3,2,3,3,2,2,1,2,2,4,3
662,5,4,3,4,3,3,4,2,2,2,2,2,4,4,2,3
663,4,5,3,4,3,3,4,3,1,1,3,2,3,3,3,3
664,2,3,2,1,1,2,3,1,3,1,3,2,3,1,3,2
665,5,5,4,4,3,3,3,3,3,3,4,2,3,4,2,3
666,4,4,3,2,5,4,3,5,1,2,3,2,2,3,3,2
667,4,5,4,5,3,3,5,3,3,4,4,4,3,4,4,4
668,5,4,5,5,2,2,3,1,4,2,3,3,3,4,4,4
669,4,4,2,4,4,2,5,2,1,3,1,1,4,2,3,4
670,4,4,4,4,3,2,4,2,1,1,1,2,4,3,2,2
671,4,2,2,3,3,5,3,3,3,3,2,4,2,4,3,1
672,3,5,5,5,4,4,4,3,4,2,2,3,3,3,4,2
673,5,5,5,5,4,3,3,3,1,3,4,3,4,4,3,3
674,3,4,4,5,2,2,3,4,4,3,2,2,4,3,4,3
675,3,3,3,4,2,2,3,1,2,2,1,1,3,3,1,1
676,3,3,1,3,4,3,4,1,2,1,1,2,4,5,3,3
677,5,5,5,4,3,4,3,4,4,3,3,3,3,3,3,4
678,4,5,4,5,4,4,5,3,2,2,2,2,5,5,3,2
679,3,3,2,4,2,4,4,4,1,1,1,1,3,4,3,2
680,4,3,2,2,3,2,3,3,1,1,1,2,2,3,2,3
681,3,3,2,4,3,3,2,2,3,4,3,1,3,2,1,3
682,4,4,5,3,3,1,4,4,3,2,3,4,4,3,2,3
683,4,5,5,3,2,4,2,2,2,1,3,3,3,1,3,4
684,3,3,3,4,3,3,4,3,3,2,5,2,3,5,5,3
685,5,4,5,4,4,4,3,5,3,4,3,4,4,5,5,4
686,4,5,5,4,3,4,3,3,1,1,1,3,4,4,4,4
687,5,5,4,3,5,4,4,4,3,3,3,3,4,4,4,4
688,5,5,2,3,3,3,3,2,4,3,4,3,2,3,4,4
689,2,5,2,2,5,3,2,1,1,1,1,1,2,3,4,1
690,4,5,4,3,3,5,4,2,3,1,2,2,2,5,3,3
691,5,5,3,5,3,3,2,1,3,2,3,2,5,3,4,3
692,5,4,4,4,5,4,5,5,3,3,3,3,4,5,2,4
693,4,5,4,4,3,5,4,3,3,2,1,2,3,4,3,1
694,4,5,5,4,4,3,3,4,3,1,2,3,3,2,3,4
695,5,3,3,3,2,3,2,3,3,3,2,3,3,3,1,2
696,3,4,3,4,4,2,3,2,1,1,3,3,4,3,3,1
697,4,5,3,4,3,3,5,3,2,2,2,3,4,3,2,4
698,2,5,2,2,3,3,2,3,3,2,2,1,3,2,3,2
699,3,5,3,3,3,3,5,3,2,1,1,1,3,4,2,3
700,4,3,3,3,2,2,2,4,3,3,2,3,3,3,3,1
701,3,4,2,3,3,4,3,4,3,3,4,2,3,2,2,1
702,4,2,2,2,3,3,3,4,2,3,2,2,3,2,2,2
703,5,5,5,3,5,4,3,3,2,3,3,2,3,2,3,3
704,4,3,3,3,3,3,2,3,5,2,3,2,3,4,3,2
705,4,5,5,3,2,3,3,3,1,2,2,3,4,4,3,2
706,5,4,3,3,4,3,3,2,3,2,3,1,4,4,4,3
707,4,4,3,3,2,2,4,2,1,1,1,1,3,3,1,3
708,3,5,3,5,4,2,2,4,1,1,1,1,3,4,2,4
709,4,2,4,4,2,4,4,3,1,1,2,3,3,4,3,2
710,4,4,3,2,3,2,4,2,3,4,2,1,2,4,3,3
711,5,5,3,4,4,4,4,5,2,3,4,3,4,4,4,5
712,4,5,5,4,3,3,3,3,3,3,4,3,3,2,5,4
713,4,3,4,3,3,3,4,2,2,3,2,2,2,2,2,4
714,5,5,4,5,4,4,5,4,4,4,2,2,4,3,3,3
715,4,5,3,5,3,2,3,1,1,1,2,2,3,1,2,2
716,5,4,4,4,4,3,4,2,3,2,2,3,4,4,3,3
717,5,5,4,5,5,3,4,5,4,4,4,3,3,5,4,4
718,5,5,5,4,4,3,3,3,2,2,2,4,4,2,3,3
719,4,5,4,4,3,5,4,3,1,2,2,2,3,4,3,3
720,4,5,3,5,3,4,4,4,3,3,4,2,4,3,3,3
721,3,2,4,3,4,5,2,4,3,5,3,4,3,4,3,4
722,3,3,2,2,1,2,2,2,1,1,2,1,2,1,2,3
723,3,2,4,4,2,2,2,4,3,3,2,2,4,3,3,2
724,4,4,5,3,3,4,4,4,3,3,2,2,5,4,3,4
725,4,5,5,4,3,2,2,2,3,1,1,3,3,4,3,3
726,5,5,4,5,4,4,4,4,1,2,3,3,4,4,3,4
727,4,4,4,4,3,3,3,3,3,2,3,1,3,3,3,3
728,4,4,3,2,3,2,2,3,2,1,2,1,1,3,1,1
729,4,3,4,3,4,3,3,4,4,2,5,3,5,2,1,3
730,4,5,4,4,2,3,2,4,4,2,4,3,5,2,3,3
731,4,5,4,3,3,2,2,3,3,2,3,5,4,3,4,4
732,5,4,5,4,3,4,3,2,3,2,1,4,4,2,5,2
733,4,4,5,4,4,3,4,3,3,2,3,4,5,4,3,5
734,4,3,3,4,3,4,3,3,2,2,1,3,2,4,2,3
735,5,5,5,5,4,4,4,5,4,4,3,3,5,5,5,3
736,5,4,4,4,2,2,3,1,1,2,1,1,4,2,1,3
737,3,3,3,2,4,3,3,2,1,1,2,2,4,3,4,3
738,4,4,5,4,3,3,3,2,1,1,3,3,3,3,3,3
739,3,4,3,3,4,3,3,3,3,2,3,2,5,3,3,3
740,3,4,3,2,4,3,5,3,4,2,2,2,4,4,3,5
741,3,3,4,4,3,1,4,3,2,3,3,2,2,4,3,2
742,3,3,3,3,4,3,3,3,3,3,2,3,3,3,2,3
743,5,5,4,5,5,5,4,3,3,4,3,3,4,3,5,4
744,3,4,2,4,4,3,3,4,3,4,5,4,3,5,4,3
745,4,5,4,3,4,3,4,4,2,2,2,2,4,4,4,4
746,4,5,3,4,3,2,2,1,2,1,2,1,2,3,3,2
747,5,5,5,4,3,3,5,3,3,1,1,2,5,4,4,4
748,3,4,4,3,3,2,3,2,2,1,2,2,4,3,1,2
749,3,4,4,3,3,3,4,4,5,3,3,2,3,4,3,2
750,4,3,5,4,4,3,4,3,3,4,3,3,4,5,4,5
751,3,4,4,4,3,2,3,4,3,3,3,4,3,4,4,4
752,3,5,4,4,3,3,3,5,3,1,2,3,4,4,3,2
753,5,5,5,3,4,3,5,2,1,1,1,1,2,4,4,4
754,3,2,2,4,3,3,2,4,1,2,4,3,3,3,5,3
755,2,4,2,3,5,3,3,3,2,3,4,3,3,2,2,3
756,5,5,4,4,5,5,5,4,4,3,3,4,4,3,5,5
757,4,4,5,3,3,3,5,5,1,2,3,1,3,2,1,2
758,2,3,3,3,3,3,2,2,2,1,1,1,2,3,2,1
759,2,5,5,5,3,4,4,4,2,2,1,1,4,3,2,4
760,5,4,4,4,4,3,3,2,2,1,3,2,3,3,2,4
761,3,4,5,4,2,3,2,1,4,3,4,2,2,3,4,4
762,5,4,4,4,4,4,3,3,3,4,4,3,3,4,2,3
763,5,4,3,3,2,2,3,2,3,1,2,2,3,3,3,4
764,4,4,5,4,2,3,2,3,2,4,3,2,4,3,5,3
765,5,5,5,5,5,5,5,3,5,4,3,3,4,4,4,5
766,3,4,4,4,2,3,4,1,3,2,2,2,3,1,2,1
767,4,5,5,4,4,3,3,3,3,1,1,3,5,5,5,4
768,4,3,4,3,3,2,3,2,3,2,2,1,1,4,3,4
769,3,4,4,4,3,3,4,3,3,2,2,4,4,3,4,4
770,4,5,3,5,3,3,5,3,3,1,2,2,3,3,2,2
771,4,5,4,3,3,4,3,3,3,3,3,2,3,3,3,3
772,5,3,4,3,4,3,3,1,3,3,2,2,3,2,2,3
773,5,5,4,3,3,3,4,4,3,3,2,4,3,3,4,3
774,5,3,5,5,4,4,4,4,3,3,2,3,4,4,3,4
775,3,5,3,3,3,2,1,3,4,3,2,4,5,3,1,3
776,5,5,4,4,3,2,4,2,2,3,2,2,2,3,1,4
777,5,5,5,5,2,3,5,5,4,3,3,4,4,4,5,3
778,4,3,4,4,3,3,5,2,1,1,1,3,4,3,1,2
779,4,4,3,3,3,3,4,2,2,2,1,3,3,4,4,2
780,4,3,5,3,3,3,3,4,2,1,2,1,3,3,5,2
781,3,4,2,3,3,1,2,3,1,2,3,2,2,3,2,3
782,4,4,5,3,3,3,3,3,3,4,3,1,4,4,1,3
783,2,3,3,3,5,4,4,3,3,3,3,4,3,3,3,2
784,4,4,3,3,2,2,3,3,2,2,1,2,3,2,1,2
785,4,5,4,5,1,1,3,2,4,3,4,2,5,4,3,4
786,5,5,5,5,2,3,3,5,2,2,3,2,3,4,5,4
787,2,5,4,3,4,3,3,3,3,3,4,1,3,2,3,2
788,4,4,2,3,2,3,3,2,2,1,1,3,2,2,2,3
789,3,4,4,4,4,3,3,4,4,4,4,4,4,4,4,3
790,4,4,4,3,3,2,3,2,3,1,1,1,3,2,2,3
791,2,2,3,2,3,1,4,2,3,3,2,2,2,2,3,2
792,4,3,2,2,3,3,4,3,1,2,3,2,3,2,1,3
793,3,5,3,4,3,4,5,4,3,4,4,4,5,4,4,4
794,3,5,3,4,3,2,2,3,2,2,3,3,3,3,4,5
795,4,3,4,4,4,2,3,3,3,3,2,2,5,3,1,2
796,4,5,4,4,4,1,3,3,3,3,2,2,3,3,3,4
797,4,5,5,4,2,3,3,3,3,2,2,2,4,3,2,3
798,5,4,3,3,4,5,5,4,3,3,4,3,5,3,4,3
799,5,4,3,3,1,1,3,2,3,3,3,3,4,2,3,2
800,5,3,3,4,3,3,3,2,4,4,4,3,2,4,4,3
